R1,R2,R3,R4,Sex,SABal,CCBal,INVBal,Color
1,1,0,1,F,99.70689548,82.05933853,452159,Red
0,1,0,0,M,29.14315457,1.60309306,309673,Blue
1,1,0,0,F,42.77684885,72.75596729,758389,Green
1,0,0,1,F,43.43,23.034,234234,Pink
